{"v":"5.6.5","fr":60,"ip":0,"op":90,"w":750,"h":750,"nm":"loading 2","ddd":0,"assets":[{"id":"comp_0","layers":[{"ddd":0,"ind":1,"ty":4,"nm":"▨ 👉 Display 2","parent":3,"td":1,"sr":1,"ks":{"o":{"a":0,"k":100,"ix":11},"r":{"a":0,"k":0,"ix":10},"p":{"a":0,"k":[0,0,0],"ix":2},"a":{"a":0,"k":[0,0,0],"ix":1},"s":{"a":0,"k":[100,100,100],"ix":6}},"ao":0,"shapes":[{"ty":"gr","it":[{"ind":0,"ty":"sh","ix":1,"ks":{"a":0,"k":{"i":[[0,-0.9],[3.42,0],[0,0],[0,1.95],[1.61,0],[0,0],[0,-5.68],[0,0],[-5.68,0],[0,0],[0,5.68],[0,0],[5.68,0],[0,0]],"o":[[0,2.02],[0,0],[-3.41,0],[0,-0.97],[0,0],[-5.68,0],[0,0],[0,5.68],[0,0],[5.68,0],[0,0],[0,-5.68],[0,0],[-1.61,0]],"v":[[21.971,-83.442],[17.061,-78.952],[-16.999,-78.952],[-21.899,-83.372],[-23.509,-85.262],[-30.309,-85.262],[-39.419,-76.152],[-39.419,76.158],[-30.309,85.258],[30.311,85.258],[39.421,76.158],[39.421,-76.152],[30.311,-85.262],[23.581,-85.262]],"c":true},"ix":2},"nm":"Path 1","mn":"ADBE Vector Shape - Group","hd":false},{"ty":"st","c":{"a":0,"k":[1,1,1,1],"ix":3},"o":{"a":0,"k":100,"ix":4},"w":{"a":0,"k":1,"ix":5},"lc":1,"lj":1,"ml":4,"bm":0,"nm":"Stroke 1","mn":"ADBE Vector Graphic - Stroke","hd":false},{"ty":"fl","c":{"a":0,"k":[0.027450999245,0.454901993275,0.7333329916,1],"ix":4},"o":{"a":0,"k":100,"ix":5},"r":1,"bm":0,"nm":"Fill 1","mn":"ADBE Vector Graphic - Fill","hd":false},{"ty":"tr","p":{"a":0,"k":[0,0],"ix":2},"a":{"a":0,"k":[0,0],"ix":1},"s":{"a":0,"k":[200,200],"ix":3},"r":{"a":0,"k":0,"ix":6},"o":{"a":0,"k":100,"ix":7},"sk":{"a":0,"k":0,"ix":4},"sa":{"a":0,"k":0,"ix":5},"nm":"Transform"}],"nm":"👉 Display","np":3,"cix":2,"bm":0,"ix":1,"mn":"ADBE Vector Group","hd":false},{"ty":"fl","c":{"a":0,"k":[1,0,0,1],"ix":4},"o":{"a":0,"k":100,"ix":5},"r":1,"bm":0,"nm":"Fill 1","mn":"ADBE Vector Graphic - Fill","hd":false}],"ip":0,"op":3600,"st":0,"bm":0},{"ddd":0,"ind":2,"ty":0,"nm":"↻ icon /logo","tt":1,"refId":"comp_1","sr":1,"ks":{"o":{"a":0,"k":100,"ix":11},"r":{"a":0,"k":0,"ix":10},"p":{"a":0,"k":[90,171.229,0],"ix":2},"a":{"a":0,"k":[12,12,0],"ix":1},"s":{"a":0,"k":[362.288,362.288,100],"ix":6}},"ao":0,"w":24,"h":24,"ip":0,"op":3600,"st":0,"bm":0},{"ddd":0,"ind":3,"ty":3,"nm":"👉 Display","sr":1,"ks":{"o":{"a":0,"k":100,"ix":11},"r":{"a":0,"k":0,"ix":10},"p":{"a":0,"k":[90.131,180.373,0],"ix":2},"a":{"a":0,"k":[0,0,0],"ix":1},"s":{"a":0,"k":[100,100,100],"ix":6}},"ao":0,"ip":0,"op":3600,"st":0,"bm":0},{"ddd":0,"ind":4,"ty":0,"nm":"▽ Device 2","refId":"comp_2","sr":1,"ks":{"o":{"a":0,"k":100,"ix":11},"r":{"a":0,"k":0,"ix":10},"p":{"a":0,"k":[90,181,0],"ix":2},"a":{"a":0,"k":[90,181,0],"ix":1},"s":{"a":0,"k":[100,100,100],"ix":6}},"ao":0,"w":180,"h":362,"ip":0,"op":3600,"st":0,"bm":0}]},{"id":"comp_1","layers":[{"ddd":0,"ind":1,"ty":4,"nm":"Combined Shape","sr":1,"ks":{"o":{"a":0,"k":100,"ix":11},"r":{"a":0,"k":0,"ix":10},"p":{"a":0,"k":[11.988,12.454,0],"ix":2},"a":{"a":0,"k":[0,0,0],"ix":1},"s":{"a":0,"k":[100,100,100],"ix":6}},"ao":0,"shapes":[{"ty":"gr","it":[{"ty":"gr","it":[{"ind":0,"ty":"sh","ix":1,"ks":{"a":0,"k":{"i":[[0,0],[1.74,-0.46],[1.44,0.68],[-0.27,0.3],[-0.67,0],[-1.04,1.8],[2.68,1.55],[1.45,-0.38],[0.01,0],[0.06,0.09],[0,0],[0.09,0.14],[0,0],[0.06,0.09],[-1.74,-1],[1.86,-3.21]],"o":[[-0.9,1.56],[-1.55,0.42],[0.31,-0.26],[0.65,0.25],[1.94,0],[1.55,-2.68],[-1.29,-0.75],[0,0.01],[-0.07,-0.1],[0,0],[-0.07,-0.11],[0,0],[-0.06,-0.09],[1.77,-0.59],[3.21,1.86],[0,0]],"v":[[9.842,6.835],[5.752,9.975],[1.142,9.565],[2.012,8.715],[4.002,9.085],[8.872,6.275],[6.812,-1.395],[2.552,-1.955],[2.532,-1.945],[2.332,-2.235],[2.322,-2.255],[2.072,-2.625],[2.062,-2.645],[1.872,-2.915],[7.382,-2.365],[9.842,6.835]],"c":false},"ix":2},"nm":"Path 1","mn":"ADBE Vector Shape - Group","hd":false},{"ind":1,"ty":"sh","ix":2,"ks":{"a":0,"k":{"i":[[0,0],[0.9,1.56],[-2.84,1.97],[-0.15,-0.42],[-1.4,-2.41],[-1.44,-0.39],[-0.48,0],[-0.86,0.5],[-0.02,0],[-0.41,0],[-0.15,0.01],[0.4,-0.23],[1.74,0.47]],"o":[[-1.74,-0.47],[-1.76,-3.05],[0.08,0.45],[-2.1,1.7],[0.74,1.29],[0.48,0.13],[0.97,0],[0.02,-0.01],[0.37,0.09],[0.15,0],[-0.33,0.29],[-1.55,0.9],[0,0]],"v":[[-5.755,9.979],[-9.845,6.839],[-7.855,-2.061],[-7.505,-0.751],[-8.835,6.389],[-5.455,8.989],[-4.005,9.179],[-1.225,8.429],[-1.175,8.409],[-0.005,8.549],[0.445,8.529],[-0.645,9.309],[-5.755,9.979]],"c":false},"ix":2},"nm":"Path 2","mn":"ADBE Vector Shape - Group","hd":false},{"ind":2,"ty":"sh","ix":3,"ks":{"a":0,"k":{"i":[[0,0],[1.41,0],[0,-1.75],[-0.33,-0.5],[0.21,-0.37],[0,1.07],[-2.39,0],[-0.46,-1.89],[0.39,-0.05]],"o":[[-0.41,-1.27],[-1.75,0],[0,0.64],[-0.22,0.34],[-0.64,-0.75],[0,-2.39],[2.04,0],[-0.4,-0.01],[0,0]],"v":[[3.017,-4.446],[-0.003,-6.646],[-3.173,-3.476],[-2.653,-1.736],[-3.303,-0.676],[-4.333,-3.476],[-0.003,-7.806],[4.207,-4.506],[3.017,-4.446]],"c":false},"ix":2},"nm":"Path 3","mn":"ADBE Vector Shape - Group","hd":false},{"ind":3,"ty":"sh","ix":4,"ks":{"a":0,"k":{"i":[[0,0],[0,0],[-0.27,-0.67],[0.21,-0.08]],"o":[[0,0],[0.75,0.05],[-0.22,0.06],[0,0]],"v":[[1.139,-3.975],[0.139,-5.395],[1.789,-4.185],[1.139,-3.975]],"c":false},"ix":2},"nm":"Path 4","mn":"ADBE Vector Shape - Group","hd":false},{"ind":4,"ty":"sh","ix":5,"ks":{"a":0,"k":{"i":[[0,0],[-0.13,0.18],[-0.05,0],[-0.27,0.07],[-0.42,0.73],[0.22,0.82],[0.73,0.42],[0.6,-0.04],[0.21,0.36],[-0.91,-0.53],[1.2,-2.09],[1.89,0.55],[-0.19,0.19]],"o":[[0.16,-0.16],[0.06,0],[0.27,0],[0.82,-0.22],[0.42,-0.73],[-0.21,-0.81],[-0.55,-0.32],[-0.2,-0.4],[1.02,-0.19],[2.09,1.2],[-1.03,1.77],[0.21,-0.16],[0,0]],"v":[[3.396,7.149],[3.846,6.629],[4.006,6.629],[4.826,6.519],[6.746,5.049],[7.056,2.649],[5.586,0.739],[3.826,0.319],[3.216,-0.831],[6.196,-0.311],[7.796,5.659],[2.786,7.669],[3.396,7.149]],"c":false},"ix":2},"nm":"Path 5","mn":"ADBE Vector Shape - Group","hd":false},{"ind":5,"ty":"sh","ix":6,"ks":{"a":0,"k":{"i":[[0,0],[0.02,0],[0.26,0.44],[-0.58,0.6],[-0.22,-0.17],[0,-0.26],[-0.25,-0.58]],"o":[[-0.02,-0.01],[-0.5,-0.14],[-0.44,-0.76],[0.2,0.19],[-0.05,0.25],[0,0.67],[0,0]],"v":[[-4.457,5.607],[-4.507,5.597],[-5.677,4.697],[-5.397,2.397],[-4.767,2.927],[-4.847,3.707],[-4.457,5.607]],"c":false},"ix":2},"nm":"Path 6","mn":"ADBE Vector Shape - Group","hd":false},{"ind":6,"ty":"sh","ix":7,"ks":{"a":0,"k":{"i":[[0,0],[0,0],[0.02,0.06],[-0.19,-0.11],[-0.13,-0.49],[0.26,-0.45],[0.48,-0.14],[0,0.54],[0.05,0.17]],"o":[[0,0],[-0.02,-0.06],[0.2,0.04],[0.45,0.26],[0.14,0.5],[-0.25,0.43],[0.17,-0.5],[0,-0.9],[0,0]],"v":[[4.455,1.802],[4.445,1.782],[4.375,1.592],[4.965,1.812],[5.855,2.972],[5.665,4.432],[4.535,5.312],[4.795,3.752],[4.455,1.802]],"c":false},"ix":2},"nm":"Path 7","mn":"ADBE Vector Shape - Group","hd":false},{"ind":7,"ty":"sh","ix":8,"ks":{"a":0,"k":{"i":[[0,0],[-0.98,0.09],[0,0],[0.09,-0.13],[0,0],[0.03,-0.06],[0,0.19]],"o":[[0,-1],[0,0],[-0.09,0.12],[0,0],[-0.04,0.05],[-0.05,-0.17],[0,0]],"v":[[-1.928,-3.473],[-0.178,-5.393],[-1.458,-3.503],[-1.718,-3.133],[-1.738,-3.093],[-1.848,-2.933],[-1.928,-3.473]],"c":false},"ix":2},"nm":"Path 8","mn":"ADBE Vector Shape - Group","hd":false},{"ind":8,"ty":"sh","ix":9,"ks":{"a":0,"k":{"i":[[0,0],[-0.26,-0.34],[-0.73,-1.27],[-0.82,-0.22],[-0.28,0],[-0.12,0.01],[-0.35,-0.24],[0.81,0.22],[0.58,1],[-1.44,1.34]],"o":[[0.21,0.37],[-0.99,0.99],[0.43,0.73],[0.27,0.07],[0.11,0],[0.28,0.32],[-0.78,0.25],[-1.12,-0.3],[-1.03,-1.78],[0,0]],"v":[[-6.961,0.428],[-6.251,1.488],[-6.761,5.318],[-4.831,6.798],[-4.001,6.908],[-3.651,6.888],[-2.701,7.728],[-5.131,7.788],[-7.761,5.768],[-6.961,0.428]],"c":false},"ix":2},"nm":"Path 9","mn":"ADBE Vector Shape - Group","hd":false},{"ind":9,"ty":"sh","ix":10,"ks":{"a":0,"k":{"i":[[0,0],[-0.29,-3.45],[0.41,0.08],[2.77,0],[0,-3.08],[-1.02,-1.01],[0.14,-0.39],[0,2.03],[-3.72,0]],"o":[[3.52,0],[-0.4,-0.14],[-0.43,-2.65],[-3.08,0],[0,1.55],[-0.17,0.37],[-1.43,-1.24],[0,-3.72],[0,0]],"v":[[0.002,-10.211],[6.712,-4.041],[5.502,-4.371],[0.002,-9.051],[-5.578,-3.471],[-3.918,0.489],[-4.398,1.629],[-6.738,-3.471],[0.002,-10.211]],"c":false},"ix":2},"nm":"Path 10","mn":"ADBE Vector Shape - Group","hd":false},{"ind":10,"ty":"sh","ix":11,"ks":{"a":0,"k":{"i":[[0,0],[0,0.01],[0,0.01],[4.4,0],[0,-4.4],[0,0],[0.01,0],[-2.2,-3.81],[-2.06,-0.55],[-0.69,0],[-1.23,0.71],[-0.01,0.01],[-0.01,-0.01],[-1.38,0],[-0.68,0.19],[-1.07,1.85],[3.81,2.2]],"o":[[-0.01,0],[0,0],[0,-4.4],[-4.4,0],[0,0.01],[-0.01,0.01],[-3.81,2.2],[1.06,1.85],[0.69,0.19],[1.38,0],[0.01,-0.01],[0,0.01],[1.23,0.71],[0.7,0],[2.06,-0.55],[2.2,-3.81],[0,0]],"v":[[8.002,-3.444],[7.982,-3.454],[7.982,-3.474],[0.002,-11.454],[-7.978,-3.474],[-7.978,-3.454],[-7.998,-3.444],[-10.918,7.456],[-6.078,11.176],[-3.998,11.456],[-0.018,10.386],[0.002,10.366],[0.022,10.386],[3.992,11.456],[6.072,11.176],[10.922,7.456],[8.002,-3.444]],"c":false},"ix":2},"nm":"Path 11","mn":"ADBE Vector Shape - Group","hd":false},{"ty":"mm","mm":1,"nm":"Merge Paths 1","mn":"ADBE Vector Filter - Merge","hd":false},{"ty":"tr","p":{"a":0,"k":[0,0],"ix":2},"a":{"a":0,"k":[0,0],"ix":1},"s":{"a":0,"k":[100,100],"ix":3},"r":{"a":0,"k":0,"ix":6},"o":{"a":0,"k":100,"ix":7},"sk":{"a":0,"k":0,"ix":4},"sa":{"a":0,"k":0,"ix":5},"nm":"Transform"}],"nm":"Fill 1","np":12,"cix":2,"bm":0,"ix":1,"mn":"ADBE Vector Group","hd":false},{"ind":1,"ty":"sh","ix":2,"ks":{"a":0,"k":{"i":[[0,0],[-1.69,0],[0,1.7],[0,0],[0.7,1.06],[0.09,0.14],[0.16,0.24],[0.02,0.03],[0.1,-0.14],[0.6,-1.66],[0,-0.58]],"o":[[0,1.69],[1.69,0],[0,-0.66],[-0.46,-1.32],[-0.08,-0.11],[-0.19,-0.27],[-0.03,-0.03],[-0.09,0.13],[-0.84,1.23],[0,0],[0,0]],"v":[[-3.096,3.849],[-0.026,6.919],[3.004,3.889],[2.754,2.509],[0.844,-1.121],[0.584,-1.501],[0.054,-2.271],[-0.016,-2.371],[-0.306,-1.961],[-2.786,2.449],[-3.096,3.849]],"c":false},"ix":2},"nm":"Path 1","mn":"ADBE Vector Shape - Group","hd":false},{"ty":"mm","mm":3,"nm":"Merge Paths 1","mn":"ADBE Vector Filter - Merge","hd":false},{"ty":"fl","c":{"a":0,"k":[0.027450999245,0.454901993275,0.7333329916,1],"ix":4},"o":{"a":0,"k":100,"ix":5},"r":1,"bm":0,"nm":"Fill 2","mn":"ADBE Vector Graphic - Fill","hd":false},{"ty":"tr","p":{"a":0,"k":[0,0],"ix":2},"a":{"a":0,"k":[0,0],"ix":1},"s":{"a":0,"k":[100,100],"ix":3},"r":{"a":0,"k":0,"ix":6},"o":{"a":0,"k":100,"ix":7},"sk":{"a":0,"k":0,"ix":4},"sa":{"a":0,"k":0,"ix":5},"nm":"Transform"}],"nm":"Combined Shape","np":4,"cix":2,"bm":0,"ix":1,"mn":"ADBE Vector Group","hd":false}],"ip":0,"op":3600,"st":0,"bm":0}]},{"id":"comp_2","layers":[{"ddd":0,"ind":1,"ty":4,"nm":"Sensor","sr":1,"ks":{"o":{"a":0,"k":100,"ix":11},"r":{"a":0,"k":0,"ix":10},"p":{"a":0,"k":[89.857,13.811,0],"ix":2},"a":{"a":0,"k":[0,0,0],"ix":1},"s":{"a":0,"k":[100,100,100],"ix":6}},"ao":0,"shapes":[{"ty":"gr","it":[{"ty":"rc","d":1,"s":{"a":0,"k":[11.069,1.44],"ix":2},"p":{"a":0,"k":[0,0],"ix":3},"r":{"a":0,"k":1.44,"ix":4},"nm":"Rectangle Path 1","mn":"ADBE Vector Shape - Rect","hd":false},{"ty":"st","c":{"a":0,"k":[0.881271004677,0.881271004677,0.881271004677,1],"ix":3},"o":{"a":0,"k":100,"ix":4},"w":{"a":0,"k":1.266,"ix":5},"lc":1,"lj":1,"ml":4,"bm":0,"nm":"Stroke 1","mn":"ADBE Vector Graphic - Stroke","hd":false},{"ty":"fl","c":{"a":0,"k":[0.972683012486,0.972683012486,0.972683012486,1],"ix":4},"o":{"a":0,"k":100,"ix":5},"r":1,"bm":0,"nm":"Fill 1","mn":"ADBE Vector Graphic - Fill","hd":false},{"ty":"tr","p":{"a":0,"k":[0,0],"ix":2},"a":{"a":0,"k":[0,0],"ix":1},"s":{"a":0,"k":[200,200],"ix":3},"r":{"a":0,"k":0,"ix":6},"o":{"a":0,"k":100,"ix":7},"sk":{"a":0,"k":0,"ix":4},"sa":{"a":0,"k":0,"ix":5},"nm":"Transform"}],"nm":"Sensor","np":3,"cix":2,"bm":0,"ix":1,"mn":"ADBE Vector Group","hd":false}],"ip":0,"op":3600,"st":0,"bm":0},{"ddd":0,"ind":2,"ty":4,"nm":"Sensor","sr":1,"ks":{"o":{"a":0,"k":100,"ix":11},"r":{"a":0,"k":0,"ix":10},"p":{"a":0,"k":[109.035,13.772,0],"ix":2},"a":{"a":0,"k":[0,0,0],"ix":1},"s":{"a":0,"k":[100,100,100],"ix":6}},"ao":0,"shapes":[{"ty":"gr","it":[{"d":1,"ty":"el","s":{"a":0,"k":[2.521,2.522],"ix":2},"p":{"a":0,"k":[0,0],"ix":3},"nm":"Ellipse Path 1","mn":"ADBE Vector Shape - Ellipse","hd":false},{"ty":"st","c":{"a":0,"k":[0.881271004677,0.881271004677,0.881271004677,1],"ix":3},"o":{"a":0,"k":100,"ix":4},"w":{"a":0,"k":1.266,"ix":5},"lc":1,"lj":1,"ml":4,"bm":0,"nm":"Stroke 1","mn":"ADBE Vector Graphic - Stroke","hd":false},{"ty":"fl","c":{"a":0,"k":[0.972683012486,0.972683012486,0.972683012486,1],"ix":4},"o":{"a":0,"k":100,"ix":5},"r":1,"bm":0,"nm":"Fill 1","mn":"ADBE Vector Graphic - Fill","hd":false},{"ty":"tr","p":{"a":0,"k":[0,0],"ix":2},"a":{"a":0,"k":[0,0],"ix":1},"s":{"a":0,"k":[200,200],"ix":3},"r":{"a":0,"k":0,"ix":6},"o":{"a":0,"k":100,"ix":7},"sk":{"a":0,"k":0,"ix":4},"sa":{"a":0,"k":0,"ix":5},"nm":"Transform"}],"nm":"Sensor","np":3,"cix":2,"bm":0,"ix":1,"mn":"ADBE Vector Group","hd":false}],"ip":0,"op":3600,"st":0,"bm":0},{"ddd":0,"ind":3,"ty":4,"nm":"Bttn","sr":1,"ks":{"o":{"a":0,"k":100,"ix":11},"r":{"a":0,"k":0,"ix":10},"p":{"a":0,"k":[179.268,103.588,0],"ix":2},"a":{"a":0,"k":[0,0,0],"ix":1},"s":{"a":0,"k":[-100,100,100],"ix":6}},"ao":0,"shapes":[{"ty":"gr","it":[{"ind":0,"ty":"sh","ix":1,"ks":{"a":0,"k":{"i":[[0,0],[0.1,-0.14],[0,-0.03],[0,-6.85],[-0.01,-0.04],[-0.2,-0.12],[0,0],[0,0.36]],"o":[[-0.14,0.04],[-0.01,0.03],[0,1.35],[0,0.03],[0.08,0.2],[0,0],[0,-0.37],[0,0]],"v":[[0.09,-10.579],[-0.32,-10.299],[-0.35,-10.149],[-0.35,10.001],[-0.32,10.211],[0.09,10.581],[0.35,10.581],[0.35,-10.579]],"c":true},"ix":2},"nm":"Path 1","mn":"ADBE Vector Shape - Group","hd":false},{"ty":"fl","c":{"a":0,"k":[1,1,1,1],"ix":4},"o":{"a":0,"k":100,"ix":5},"r":1,"bm":0,"nm":"Fill 1","mn":"ADBE Vector Graphic - Fill","hd":false},{"ty":"tr","p":{"a":0,"k":[0,0],"ix":2},"a":{"a":0,"k":[0,0],"ix":1},"s":{"a":0,"k":[200,200],"ix":3},"r":{"a":0,"k":0,"ix":6},"o":{"a":0,"k":100,"ix":7},"sk":{"a":0,"k":0,"ix":4},"sa":{"a":0,"k":0,"ix":5},"nm":"Transform"}],"nm":"Bttn","np":2,"cix":2,"bm":0,"ix":1,"mn":"ADBE Vector Group","hd":false}],"ip":0,"op":3600,"st":0,"bm":0},{"ddd":0,"ind":4,"ty":4,"nm":"Bttn","sr":1,"ks":{"o":{"a":0,"k":100,"ix":11},"r":{"a":0,"k":0,"ix":10},"p":{"a":0,"k":[-0.287,55.247,0],"ix":2},"a":{"a":0,"k":[0,0,0],"ix":1},"s":{"a":0,"k":[100,100,100],"ix":6}},"ao":0,"shapes":[{"ty":"gr","it":[{"ind":0,"ty":"sh","ix":1,"ks":{"a":0,"k":{"i":[[0,0],[0,-0.27],[0,0],[-0.24,0],[0,0],[0,0.36]],"o":[[-0.24,0],[0,0],[0,0.27],[0,0],[0,-0.37],[0,0]],"v":[[0.09,-3.503],[-0.35,-3.013],[-0.35,3.017],[0.09,3.507],[0.35,3.507],[0.35,-3.503]],"c":true},"ix":2},"nm":"Path 1","mn":"ADBE Vector Shape - Group","hd":false},{"ty":"fl","c":{"a":0,"k":[1,1,1,1],"ix":4},"o":{"a":0,"k":100,"ix":5},"r":1,"bm":0,"nm":"Fill 1","mn":"ADBE Vector Graphic - Fill","hd":false},{"ty":"tr","p":{"a":0,"k":[0,0],"ix":2},"a":{"a":0,"k":[0,0],"ix":1},"s":{"a":0,"k":[200,200],"ix":3},"r":{"a":0,"k":0,"ix":6},"o":{"a":0,"k":100,"ix":7},"sk":{"a":0,"k":0,"ix":4},"sa":{"a":0,"k":0,"ix":5},"nm":"Transform"}],"nm":"Bttn","np":2,"cix":2,"bm":0,"ix":1,"mn":"ADBE Vector Group","hd":false}],"ip":0,"op":3600,"st":0,"bm":0},{"ddd":0,"ind":5,"ty":4,"nm":"Bttn","sr":1,"ks":{"o":{"a":0,"k":100,"ix":11},"r":{"a":0,"k":0,"ix":10},"p":{"a":0,"k":[-0.287,87.054,0],"ix":2},"a":{"a":0,"k":[0,0,0],"ix":1},"s":{"a":0,"k":[100,100,100],"ix":6}},"ao":0,"shapes":[{"ty":"gr","it":[{"ind":0,"ty":"sh","ix":1,"ks":{"a":0,"k":{"i":[[0,0],[0.1,-0.14],[0,-0.03],[0,-6.85],[-0.01,-0.03],[-0.2,-0.12],[0,0],[0,0.36]],"o":[[-0.14,0.04],[-0.01,0.03],[0,1.35],[0,0.03],[0.08,0.21],[0,0],[0,-0.37],[0,0]],"v":[[0.09,-6.656],[-0.32,-6.376],[-0.35,-6.226],[-0.35,6.074],[-0.32,6.284],[0.09,6.654],[0.35,6.654],[0.35,-6.656]],"c":true},"ix":2},"nm":"Path 1","mn":"ADBE Vector Shape - Group","hd":false},{"ty":"fl","c":{"a":0,"k":[1,1,1,1],"ix":4},"o":{"a":0,"k":100,"ix":5},"r":1,"bm":0,"nm":"Fill 1","mn":"ADBE Vector Graphic - Fill","hd":false},{"ty":"tr","p":{"a":0,"k":[0,0],"ix":2},"a":{"a":0,"k":[0,0],"ix":1},"s":{"a":0,"k":[200,200],"ix":3},"r":{"a":0,"k":0,"ix":6},"o":{"a":0,"k":100,"ix":7},"sk":{"a":0,"k":0,"ix":4},"sa":{"a":0,"k":0,"ix":5},"nm":"Transform"}],"nm":"Bttn","np":2,"cix":2,"bm":0,"ix":1,"mn":"ADBE Vector Group","hd":false}],"ip":0,"op":3600,"st":0,"bm":0},{"ddd":0,"ind":6,"ty":4,"nm":"Bttn","sr":1,"ks":{"o":{"a":0,"k":100,"ix":11},"r":{"a":0,"k":0,"ix":10},"p":{"a":0,"k":[0.713,120.402,0],"ix":2},"a":{"a":0,"k":[0,0,0],"ix":1},"s":{"a":0,"k":[100,100,100],"ix":6}},"ao":0,"shapes":[{"ty":"gr","it":[{"ind":0,"ty":"sh","ix":1,"ks":{"a":0,"k":{"i":[[0,0],[0.1,-0.14],[0,-0.03],[0,-6.85],[-0.01,-0.03],[-0.2,-0.12],[0,0],[0,0.36]],"o":[[-0.14,0.04],[-0.01,0.03],[0,1.35],[0,0.03],[0.08,0.21],[0,0],[0,-0.37],[0,0]],"v":[[0.09,-6.656],[-0.32,-6.376],[-0.35,-6.226],[-0.35,6.074],[-0.32,6.284],[0.09,6.654],[0.35,6.654],[0.35,-6.656]],"c":true},"ix":2},"nm":"Path 1","mn":"ADBE Vector Shape - Group","hd":false},{"ty":"fl","c":{"a":0,"k":[1,1,1,1],"ix":4},"o":{"a":0,"k":100,"ix":5},"r":1,"bm":0,"nm":"Fill 1","mn":"ADBE Vector Graphic - Fill","hd":false},{"ty":"tr","p":{"a":0,"k":[0,0],"ix":2},"a":{"a":0,"k":[0,0],"ix":1},"s":{"a":0,"k":[200,200],"ix":3},"r":{"a":0,"k":0,"ix":6},"o":{"a":0,"k":100,"ix":7},"sk":{"a":0,"k":0,"ix":4},"sa":{"a":0,"k":0,"ix":5},"nm":"Transform"}],"nm":"Bttn","np":2,"cix":2,"bm":0,"ix":1,"mn":"ADBE Vector Group","hd":false}],"ip":0,"op":3600,"st":0,"bm":0},{"ddd":0,"ind":7,"ty":4,"nm":"Body","sr":1,"ks":{"o":{"a":0,"k":100,"ix":11},"r":{"a":0,"k":0,"ix":10},"p":{"a":0,"k":[89.991,180.794,0],"ix":2},"a":{"a":0,"k":[0,0,0],"ix":1},"s":{"a":0,"k":[100,100,100],"ix":6}},"ao":0,"shapes":[{"ty":"gr","it":[{"ind":0,"ty":"sh","ix":1,"ks":{"a":0,"k":{"i":[[0,0],[0,-10.46],[0,0],[-10.62,0],[0,0],[0,10.1],[0,0],[10.62,0]],"o":[[-10.62,0],[0,0],[0,10.46],[0,0],[10.27,0],[0,0],[0,-10.46],[0,0]],"v":[[-28.9,-90.377],[-44.39,-74.877],[-44.39,74.883],[-28.9,90.373],[28.9,90.373],[44.39,74.883],[44.39,-74.877],[28.9,-90.377]],"c":true},"ix":2},"nm":"Path 1","mn":"ADBE Vector Shape - Group","hd":false},{"ty":"fl","c":{"a":0,"k":[0.924816191196,0.924816191196,0.924816191196,1],"ix":4},"o":{"a":0,"k":100,"ix":5},"r":1,"bm":0,"nm":"Fill 1","mn":"ADBE Vector Graphic - Fill","hd":false},{"ty":"tr","p":{"a":0,"k":[0,0],"ix":2},"a":{"a":0,"k":[0,0],"ix":1},"s":{"a":0,"k":[200,200],"ix":3},"r":{"a":0,"k":0,"ix":6},"o":{"a":0,"k":100,"ix":7},"sk":{"a":0,"k":0,"ix":4},"sa":{"a":0,"k":0,"ix":5},"nm":"Transform"}],"nm":"Body","np":2,"cix":2,"bm":0,"ix":1,"mn":"ADBE Vector Group","hd":false}],"ip":0,"op":3600,"st":0,"bm":0}]}],"layers":[{"ddd":0,"ind":1,"ty":4,"nm":"Shape Layer 1","sr":1,"ks":{"o":{"a":0,"k":100,"ix":11},"r":{"a":0,"k":0,"ix":10},"p":{"a":0,"k":[375,375,0],"ix":2},"a":{"a":0,"k":[0,0,0],"ix":1},"s":{"a":0,"k":[100,100,100],"ix":6}},"ao":0,"shapes":[],"ip":0,"op":3600,"st":0,"bm":0},{"ddd":0,"ind":2,"ty":0,"nm":"▽ iPhone XR 2","refId":"comp_0","sr":1,"ks":{"o":{"a":0,"k":100,"ix":11},"r":{"a":0,"k":0,"ix":10},"p":{"a":0,"k":[376,375,0],"ix":2},"a":{"a":0,"k":[90,181,0],"ix":1},"s":{"a":0,"k":[100,100,100],"ix":6}},"ao":0,"w":180,"h":362,"ip":0,"op":3600,"st":0,"bm":0},{"ddd":0,"ind":3,"ty":4,"nm":"load_2","sr":1,"ks":{"o":{"a":1,"k":[{"i":{"x":[0.833],"y":[0.833]},"o":{"x":[0.167],"y":[0.167]},"t":26,"s":[50]},{"i":{"x":[0.833],"y":[0.833]},"o":{"x":[0.167],"y":[0.167]},"t":68,"s":[0]},{"i":{"x":[0.833],"y":[0.833]},"o":{"x":[0.167],"y":[0.167]},"t":123,"s":[0]},{"t":146,"s":[60]}],"ix":11},"r":{"a":0,"k":0,"ix":10},"p":{"a":0,"k":[373,375,0],"ix":2},"a":{"a":0,"k":[0,0,0],"ix":1},"s":{"a":1,"k":[{"i":{"x":[0.833,0.833,0.833],"y":[0.833,0.833,0.833]},"o":{"x":[0.167,0.167,0.167],"y":[0.167,0.167,0.167]},"t":18,"s":[62,62,100]},{"i":{"x":[0.833,0.833,0.833],"y":[0.833,0.833,0.833]},"o":{"x":[0.167,0.167,0.167],"y":[0.167,0.167,0.167]},"t":61,"s":[160,160,100]},{"i":{"x":[0.833,0.833,0.833],"y":[0.833,0.833,0.833]},"o":{"x":[0.167,0.167,0.167],"y":[0.167,0.167,0.167]},"t":70,"s":[179.333,179.333,100]},{"i":{"x":[0.833,0.833,0.833],"y":[0.833,0.833,0.833]},"o":{"x":[0.167,0.167,0.167],"y":[0.167,0.167,0.167]},"t":117,"s":[46,46,100]},{"t":146,"s":[100,100,100]}],"ix":6}},"ao":0,"shapes":[{"ty":"gr","it":[{"d":1,"ty":"el","s":{"a":0,"k":[127,127],"ix":2},"p":{"a":0,"k":[0,0],"ix":3},"nm":"Ellipse Path 1","mn":"ADBE Vector Shape - Ellipse","hd":false},{"ty":"fl","c":{"a":0,"k":[0.196078002453,0.549019992352,0.815685987473,1],"ix":4},"o":{"a":0,"k":100,"ix":5},"r":1,"bm":0,"nm":"Fill 1","mn":"ADBE Vector Graphic - Fill","hd":false},{"ty":"tr","p":{"a":0,"k":[0,0],"ix":2},"a":{"a":0,"k":[0,0],"ix":1},"s":{"a":0,"k":[200,200],"ix":3},"r":{"a":0,"k":0,"ix":6},"o":{"a":0,"k":100,"ix":7},"sk":{"a":0,"k":0,"ix":4},"sa":{"a":0,"k":0,"ix":5},"nm":"Transform"}],"nm":"load_2","np":2,"cix":2,"bm":0,"ix":1,"mn":"ADBE Vector Group","hd":false}],"ip":0,"op":3600,"st":0,"bm":0},{"ddd":0,"ind":4,"ty":4,"nm":"load_1","sr":1,"ks":{"o":{"a":1,"k":[{"i":{"x":[0.833],"y":[0.833]},"o":{"x":[0.167],"y":[0.167]},"t":0,"s":[100]},{"i":{"x":[0.833],"y":[0.833]},"o":{"x":[0.167],"y":[0.167]},"t":25,"s":[100]},{"i":{"x":[0.833],"y":[0.833]},"o":{"x":[0.167],"y":[0.167]},"t":56,"s":[0]},{"i":{"x":[0.833],"y":[0.833]},"o":{"x":[0.167],"y":[0.167]},"t":123,"s":[0]},{"t":147,"s":[100]}],"ix":11},"r":{"a":0,"k":0,"ix":10},"p":{"a":0,"k":[375,375,0],"ix":2},"a":{"a":0,"k":[0,0,0],"ix":1},"s":{"a":1,"k":[{"i":{"x":[0.833,0.833,0.833],"y":[0.833,0.833,0.833]},"o":{"x":[0.167,0.167,0.167],"y":[0.167,0.167,0.167]},"t":0,"s":[36,36,100]},{"i":{"x":[0.833,0.833,0.833],"y":[0.833,0.833,0.833]},"o":{"x":[0.167,0.167,0.167],"y":[0.167,0.167,0.167]},"t":56,"s":[231,231,100]},{"i":{"x":[0.833,0.833,0.833],"y":[0.833,0.833,0.833]},"o":{"x":[0.167,0.167,0.167],"y":[0.167,0.167,0.167]},"t":117,"s":[46,46,100]},{"t":147,"s":[100,100,100]}],"ix":6}},"ao":0,"shapes":[{"ty":"gr","it":[{"d":1,"ty":"el","s":{"a":0,"k":[159,159],"ix":2},"p":{"a":0,"k":[0,0],"ix":3},"nm":"Ellipse Path 1","mn":"ADBE Vector Shape - Ellipse","hd":false},{"ty":"fl","c":{"a":0,"k":[0.799413979053,0.888647973537,0.956068992615,1],"ix":4},"o":{"a":0,"k":100,"ix":5},"r":1,"bm":0,"nm":"Fill 1","mn":"ADBE Vector Graphic - Fill","hd":false},{"ty":"tr","p":{"a":0,"k":[0,0],"ix":2},"a":{"a":0,"k":[0,0],"ix":1},"s":{"a":0,"k":[200,200],"ix":3},"r":{"a":0,"k":0,"ix":6},"o":{"a":0,"k":100,"ix":7},"sk":{"a":0,"k":0,"ix":4},"sa":{"a":0,"k":0,"ix":5},"nm":"Transform"}],"nm":"load_1","np":2,"cix":2,"bm":0,"ix":1,"mn":"ADBE Vector Group","hd":false}],"ip":0,"op":3600,"st":0,"bm":0}],"markers":[]}