{"v":"4.8.0","meta":{"g":"LottieFiles AE 1.0.0","a":"","k":"","d":"","tc":""},"fr":45,"ip":23,"op":229,"w":638,"h":572,"nm":"Comp 1","ddd":0,"assets":[],"layers":[{"ddd":0,"ind":1,"ty":4,"nm":"a3b698d4-91aa-4644-9cd7-168aa6af3809","sr":1,"ks":{"o":{"a":0,"k":100,"ix":11},"r":{"a":0,"k":0,"ix":10},"p":{"a":1,"k":[{"i":{"x":0.833,"y":0.833},"o":{"x":0.167,"y":0.167},"t":24,"s":[547.582,100.27,0],"to":[1.792,29.792,0],"ti":[0,0,0]},{"i":{"x":0.833,"y":0.833},"o":{"x":0.167,"y":0.167},"t":90,"s":[558.332,279.02,0],"to":[0,0,0],"ti":[0,0,0]},{"i":{"x":0.833,"y":0.833},"o":{"x":0.167,"y":0.167},"t":159,"s":[547.582,100.27,0],"to":[0,0,0],"ti":[-1.792,-29.792,0]},{"t":225,"s":[558.332,279.02,0]}],"ix":2},"a":{"a":0,"k":[141.582,-293.73,0],"ix":1},"s":{"a":0,"k":[100,100,100],"ix":6}},"ao":0,"shapes":[{"ty":"gr","it":[{"ind":0,"ty":"sh","ix":1,"ks":{"a":0,"k":{"i":[[-7.08,0],[0,-7.08],[7.08,0],[0,7.08]],"o":[[7.08,0],[0,7.08],[-7.08,0],[0,-7.08]],"v":[[141.582,-306.549],[154.402,-293.73],[141.582,-280.91],[128.763,-293.73]],"c":true},"ix":2},"nm":"Path 1","mn":"ADBE Vector Shape - Group","hd":false},{"ty":"fl","c":{"a":0,"k":[0.247058823705,0.239215686917,0.337254911661,1],"ix":4},"o":{"a":0,"k":100,"ix":5},"r":1,"bm":0,"nm":"Fill 1","mn":"ADBE Vector Graphic - Fill","hd":false},{"ty":"tr","p":{"a":0,"k":[0,0],"ix":2},"a":{"a":0,"k":[0,0],"ix":1},"s":{"a":0,"k":[100,100],"ix":3},"r":{"a":0,"k":0,"ix":6},"o":{"a":0,"k":100,"ix":7},"sk":{"a":0,"k":0,"ix":4},"sa":{"a":0,"k":0,"ix":5},"nm":"Transform"}],"nm":"Group 1","np":2,"cix":2,"bm":0,"ix":1,"mn":"ADBE Vector Group","hd":false}],"ip":0,"op":270,"st":0,"bm":0},{"ddd":0,"ind":2,"ty":4,"nm":"a3b698d4-91aa-4644-9cd7-168aa6af3808","sr":1,"ks":{"o":{"a":0,"k":100,"ix":11},"r":{"a":0,"k":0,"ix":10},"p":{"a":1,"k":[{"i":{"x":0.833,"y":0.833},"o":{"x":0.167,"y":0.167},"t":24,"s":[434.845,330.025,0],"to":[-0.083,-30.458,0],"ti":[0,0,0]},{"i":{"x":0.833,"y":0.833},"o":{"x":0.167,"y":0.167},"t":90,"s":[434.345,147.275,0],"to":[0,0,0],"ti":[0,0,0]},{"i":{"x":0.833,"y":0.833},"o":{"x":0.167,"y":0.167},"t":159,"s":[434.845,330.025,0],"to":[0,0,0],"ti":[0.083,30.458,0]},{"t":225,"s":[434.345,147.275,0]}],"ix":2},"a":{"a":0,"k":[28.345,-246.725,0],"ix":1},"s":{"a":0,"k":[100,100,100],"ix":6}},"ao":0,"shapes":[{"ty":"gr","it":[{"ind":0,"ty":"sh","ix":1,"ks":{"a":0,"k":{"i":[[-7.08,0],[0,-7.08],[7.08,0],[0,7.08]],"o":[[7.08,0],[0,7.08],[-7.08,0],[0,-7.08]],"v":[[28.345,-259.545],[41.164,-246.725],[28.345,-233.906],[15.526,-246.725]],"c":true},"ix":2},"nm":"Path 1","mn":"ADBE Vector Shape - Group","hd":false},{"ty":"fl","c":{"a":0,"k":[0.247058823705,0.239215686917,0.337254911661,1],"ix":4},"o":{"a":0,"k":100,"ix":5},"r":1,"bm":0,"nm":"Fill 1","mn":"ADBE Vector Graphic - Fill","hd":false},{"ty":"tr","p":{"a":0,"k":[0,0],"ix":2},"a":{"a":0,"k":[0,0],"ix":1},"s":{"a":0,"k":[100,100],"ix":3},"r":{"a":0,"k":0,"ix":6},"o":{"a":0,"k":100,"ix":7},"sk":{"a":0,"k":0,"ix":4},"sa":{"a":0,"k":0,"ix":5},"nm":"Transform"}],"nm":"Group 1","np":2,"cix":2,"bm":0,"ix":1,"mn":"ADBE Vector Group","hd":false}],"ip":0,"op":270,"st":0,"bm":0},{"ddd":0,"ind":3,"ty":4,"nm":"a3b698d4-91aa-4644-9cd7-168aa6af3807","sr":1,"ks":{"o":{"a":0,"k":100,"ix":11},"r":{"a":0,"k":0,"ix":10},"p":{"a":1,"k":[{"i":{"x":0.833,"y":0.833},"o":{"x":0.167,"y":0.167},"t":24,"s":[321.107,271.195,0],"to":[-0.75,6.667,0],"ti":[0,0,0]},{"i":{"x":0.833,"y":0.833},"o":{"x":0.167,"y":0.167},"t":90,"s":[316.607,311.195,0],"to":[0,0,0],"ti":[0,0,0]},{"i":{"x":0.833,"y":0.833},"o":{"x":0.167,"y":0.167},"t":159,"s":[321.107,271.195,0],"to":[0,0,0],"ti":[0.75,-6.667,0]},{"t":225,"s":[316.607,311.195,0]}],"ix":2},"a":{"a":0,"k":[-84.893,-122.805,0],"ix":1},"s":{"a":0,"k":[100,100,100],"ix":6}},"ao":0,"shapes":[{"ty":"gr","it":[{"ind":0,"ty":"sh","ix":1,"ks":{"a":0,"k":{"i":[[-7.08,0],[0,-7.08],[7.08,0],[0,7.08]],"o":[[7.08,0],[0,7.08],[-7.08,0],[0,-7.08]],"v":[[-84.893,-135.624],[-72.073,-122.805],[-84.893,-109.986],[-97.712,-122.805]],"c":true},"ix":2},"nm":"Path 1","mn":"ADBE Vector Shape - Group","hd":false},{"ty":"fl","c":{"a":0,"k":[0.247058823705,0.239215686917,0.337254911661,1],"ix":4},"o":{"a":0,"k":100,"ix":5},"r":1,"bm":0,"nm":"Fill 1","mn":"ADBE Vector Graphic - Fill","hd":false},{"ty":"tr","p":{"a":0,"k":[0,0],"ix":2},"a":{"a":0,"k":[0,0],"ix":1},"s":{"a":0,"k":[100,100],"ix":3},"r":{"a":0,"k":0,"ix":6},"o":{"a":0,"k":100,"ix":7},"sk":{"a":0,"k":0,"ix":4},"sa":{"a":0,"k":0,"ix":5},"nm":"Transform"}],"nm":"Group 1","np":2,"cix":2,"bm":0,"ix":1,"mn":"ADBE Vector Group","hd":false}],"ip":0,"op":270,"st":0,"bm":0},{"ddd":0,"ind":4,"ty":4,"nm":"a3b698d4-91aa-4644-9cd7-168aa6af3806","sr":1,"ks":{"o":{"a":0,"k":100,"ix":11},"r":{"a":0,"k":0,"ix":10},"p":{"a":1,"k":[{"i":{"x":0.833,"y":0.833},"o":{"x":0.167,"y":0.167},"t":24,"s":[213.87,371.869,0],"to":[-1,-30.667,0],"ti":[0,0,0]},{"i":{"x":0.833,"y":0.833},"o":{"x":0.167,"y":0.167},"t":90,"s":[207.87,187.869,0],"to":[0,0,0],"ti":[0,0,0]},{"i":{"x":0.833,"y":0.833},"o":{"x":0.167,"y":0.167},"t":159,"s":[213.87,371.869,0],"to":[0,0,0],"ti":[1,30.667,0]},{"t":225,"s":[207.87,187.869,0]}],"ix":2},"a":{"a":0,"k":[-198.13,-206.131,0],"ix":1},"s":{"a":0,"k":[100,100,100],"ix":6}},"ao":0,"shapes":[{"ty":"gr","it":[{"ind":0,"ty":"sh","ix":1,"ks":{"a":0,"k":{"i":[[-7.08,0],[0,-7.08],[7.08,0],[0,7.08]],"o":[[7.08,0],[0,7.08],[-7.08,0],[0,-7.08]],"v":[[-198.13,-218.95],[-185.311,-206.131],[-198.13,-193.312],[-210.95,-206.131]],"c":true},"ix":2},"nm":"Path 1","mn":"ADBE Vector Shape - Group","hd":false},{"ty":"fl","c":{"a":0,"k":[0.247058823705,0.239215686917,0.337254911661,1],"ix":4},"o":{"a":0,"k":100,"ix":5},"r":1,"bm":0,"nm":"Fill 1","mn":"ADBE Vector Graphic - Fill","hd":false},{"ty":"tr","p":{"a":0,"k":[0,0],"ix":2},"a":{"a":0,"k":[0,0],"ix":1},"s":{"a":0,"k":[100,100],"ix":3},"r":{"a":0,"k":0,"ix":6},"o":{"a":0,"k":100,"ix":7},"sk":{"a":0,"k":0,"ix":4},"sa":{"a":0,"k":0,"ix":5},"nm":"Transform"}],"nm":"Group 1","np":2,"cix":2,"bm":0,"ix":1,"mn":"ADBE Vector Group","hd":false}],"ip":0,"op":270,"st":0,"bm":0},{"ddd":0,"ind":5,"ty":4,"nm":"a3b698d4-91aa-4644-9cd7-168aa6af3805","sr":1,"ks":{"o":{"a":0,"k":100,"ix":11},"r":{"a":0,"k":0,"ix":10},"p":{"a":1,"k":[{"i":{"x":0.833,"y":0.833},"o":{"x":0.167,"y":0.167},"t":24,"s":[94.632,271.195,0],"to":[0.25,8.125,0],"ti":[0,0,0]},{"i":{"x":0.833,"y":0.833},"o":{"x":0.167,"y":0.167},"t":90,"s":[96.132,319.945,0],"to":[0,0,0],"ti":[0,0,0]},{"i":{"x":0.833,"y":0.833},"o":{"x":0.167,"y":0.167},"t":159,"s":[94.632,271.195,0],"to":[0,0,0],"ti":[-0.25,-8.125,0]},{"t":225,"s":[96.132,319.945,0]}],"ix":2},"a":{"a":0,"k":[-311.368,-122.805,0],"ix":1},"s":{"a":0,"k":[100,100,100],"ix":6}},"ao":0,"shapes":[{"ty":"gr","it":[{"ind":0,"ty":"sh","ix":1,"ks":{"a":0,"k":{"i":[[-7.08,0],[0,-7.08],[7.08,0],[0,7.08]],"o":[[7.08,0],[0,7.08],[-7.08,0],[0,-7.08]],"v":[[-311.368,-135.624],[-298.548,-122.805],[-311.368,-109.986],[-324.187,-122.805]],"c":true},"ix":2},"nm":"Path 1","mn":"ADBE Vector Shape - Group","hd":false},{"ty":"fl","c":{"a":0,"k":[0.247058823705,0.239215686917,0.337254911661,1],"ix":4},"o":{"a":0,"k":100,"ix":5},"r":1,"bm":0,"nm":"Fill 1","mn":"ADBE Vector Graphic - Fill","hd":false},{"ty":"tr","p":{"a":0,"k":[0,0],"ix":2},"a":{"a":0,"k":[0,0],"ix":1},"s":{"a":0,"k":[100,100],"ix":3},"r":{"a":0,"k":0,"ix":6},"o":{"a":0,"k":100,"ix":7},"sk":{"a":0,"k":0,"ix":4},"sa":{"a":0,"k":0,"ix":5},"nm":"Transform"}],"nm":"Group 1","np":2,"cix":2,"bm":0,"ix":1,"mn":"ADBE Vector Group","hd":false}],"ip":0,"op":270,"st":0,"bm":0},{"ddd":0,"ind":6,"ty":4,"nm":"a3b698d4-91aa-4644-9cd7-168aa6af3804","sr":1,"ks":{"o":{"a":0,"k":100,"ix":11},"r":{"a":0,"k":0,"ix":10},"p":{"a":0,"k":[406,394,0],"ix":2},"a":{"a":0,"k":[0,0,0],"ix":1},"s":{"a":0,"k":[100,100,100],"ix":6}},"ao":0,"shapes":[{"ty":"gr","it":[{"ind":0,"ty":"sh","ix":1,"ks":{"a":1,"k":[{"i":{"x":0.833,"y":0.833},"o":{"x":0.167,"y":0.167},"t":24,"s":[{"i":[[0,0],[0,0],[0,0],[0,0],[0,0],[0,0],[0,0],[0,0],[0,0],[0,0],[0,0]],"o":[[0,0],[0,0],[0,0],[0,0],[0,0],[0,0],[0,0],[0,0],[0,0],[0,0],[0,0]],"v":[[-312.052,-122.003],[-313.246,-123.607],[-192.13,-19.31],[-85.259,-125.12],[29.157,-61.344],[29.362,-61.428],[140.402,-295.257],[141.165,-293.408],[30.329,-59.664],[-85.01,-122.439],[-192.131,-16.816]],"c":true}]},{"i":{"x":0.833,"y":0.833},"o":{"x":0.167,"y":0.167},"t":90,"s":[{"i":[[0,0],[0,0],[0,0],[0,0],[0,0],[0,0],[0,0],[0,0],[0,0],[0,0],[0,0]],"o":[[0,0],[0,0],[0,0],[0,0],[0,0],[0,0],[0,0],[0,0],[0,0],[0,0],[0,0]],"v":[[-306.052,-73.003],[-307.246,-74.607],[-198.13,-209.31],[-89.259,-84.12],[29.157,-249.344],[29.362,-249.428],[148.402,-119.257],[149.165,-117.408],[30.329,-247.664],[-89.01,-81.439],[-198.131,-206.816]],"c":true}]},{"i":{"x":0.833,"y":0.833},"o":{"x":0.167,"y":0.167},"t":159,"s":[{"i":[[0,0],[0,0],[0,0],[0,0],[0,0],[0,0],[0,0],[0,0],[0,0],[0,0],[0,0]],"o":[[0,0],[0,0],[0,0],[0,0],[0,0],[0,0],[0,0],[0,0],[0,0],[0,0],[0,0]],"v":[[-312.052,-122.003],[-313.246,-123.607],[-192.13,-19.31],[-85.259,-125.12],[29.157,-61.344],[29.362,-61.428],[140.402,-295.257],[141.165,-293.408],[30.329,-59.664],[-85.01,-122.439],[-192.131,-16.816]],"c":true}]},{"t":225,"s":[{"i":[[0,0],[0,0],[0,0],[0,0],[0,0],[0,0],[0,0],[0,0],[0,0],[0,0],[0,0]],"o":[[0,0],[0,0],[0,0],[0,0],[0,0],[0,0],[0,0],[0,0],[0,0],[0,0],[0,0]],"v":[[-306.052,-73.003],[-307.246,-74.607],[-198.13,-209.31],[-89.259,-84.12],[29.157,-249.344],[29.362,-249.428],[148.402,-119.257],[149.165,-117.408],[30.329,-247.664],[-89.01,-81.439],[-198.131,-206.816]],"c":true}]}],"ix":2},"nm":"Path 1","mn":"ADBE Vector Shape - Group","hd":false},{"ty":"fl","c":{"a":0,"k":[0.247058823705,0.239215686917,0.337254911661,1],"ix":4},"o":{"a":0,"k":100,"ix":5},"r":1,"bm":0,"nm":"Fill 1","mn":"ADBE Vector Graphic - Fill","hd":false},{"ty":"tr","p":{"a":0,"k":[0,0],"ix":2},"a":{"a":0,"k":[0,0],"ix":1},"s":{"a":0,"k":[100,100],"ix":3},"r":{"a":0,"k":0,"ix":6},"o":{"a":0,"k":100,"ix":7},"sk":{"a":0,"k":0,"ix":4},"sa":{"a":0,"k":0,"ix":5},"nm":"Transform"}],"nm":"Group 1","np":2,"cix":2,"bm":0,"ix":1,"mn":"ADBE Vector Group","hd":false}],"ip":0,"op":270,"st":0,"bm":0},{"ddd":0,"ind":7,"ty":4,"nm":"a3b698d4-91aa-4644-9cd7-168aa6af3803","sr":1,"ks":{"o":{"a":0,"k":100,"ix":11},"r":{"a":0,"k":0,"ix":10},"p":{"a":0,"k":[406,394,0],"ix":2},"a":{"a":0,"k":[0,0,0],"ix":1},"s":{"a":0,"k":[100,100,100],"ix":6}},"ao":0,"shapes":[{"ty":"gr","it":[{"ind":0,"ty":"sh","ix":1,"ks":{"a":1,"k":[{"i":{"x":0.833,"y":0.833},"o":{"x":0.167,"y":0.167},"t":24,"s":[{"i":[[3.501,-0.004],[0,0],[0.004,3.501],[0,0],[-3.501,0.004],[0,0],[-0.004,-3.501],[0,0]],"o":[[0,0],[-3.501,-0.004],[0,0],[0.004,-3.501],[0,0],[3.501,0.004],[0,0],[-0.004,3.501]],"v":[[172.63,132.935],[110.535,132.935],[104.193,126.593],[104.193,-248.93],[110.535,-255.272],[172.63,-255.272],[178.972,-248.93],[178.972,126.593]],"c":true}]},{"i":{"x":0.833,"y":0.833},"o":{"x":0.167,"y":0.167},"t":90,"s":[{"i":[[3.501,-0.004],[0,0],[0.004,3.501],[0,0],[-3.501,0.004],[0,0],[-0.004,-3.501],[0,0]],"o":[[0,0],[-3.501,-0.004],[0,0],[0.004,-3.501],[0,0],[3.501,0.004],[0,0],[-0.004,3.501]],"v":[[172.63,132.935],[110.535,132.935],[104.193,126.593],[104.193,120.07],[110.535,113.728],[172.63,113.728],[178.972,120.07],[178.972,126.593]],"c":true}]},{"i":{"x":0.833,"y":0.833},"o":{"x":0.167,"y":0.167},"t":159,"s":[{"i":[[3.501,-0.004],[0,0],[0.004,3.501],[0,0],[-3.501,0.004],[0,0],[-0.004,-3.501],[0,0]],"o":[[0,0],[-3.501,-0.004],[0,0],[0.004,-3.501],[0,0],[3.501,0.004],[0,0],[-0.004,3.501]],"v":[[172.63,132.935],[110.535,132.935],[104.193,126.593],[104.193,-248.93],[110.535,-255.272],[172.63,-255.272],[178.972,-248.93],[178.972,126.593]],"c":true}]},{"t":225,"s":[{"i":[[3.501,-0.004],[0,0],[0.004,3.501],[0,0],[-3.501,0.004],[0,0],[-0.004,-3.501],[0,0]],"o":[[0,0],[-3.501,-0.004],[0,0],[0.004,-3.501],[0,0],[3.501,0.004],[0,0],[-0.004,3.501]],"v":[[172.63,132.935],[110.535,132.935],[104.193,126.593],[104.193,120.07],[110.535,113.728],[172.63,113.728],[178.972,120.07],[178.972,126.593]],"c":true}]}],"ix":2},"nm":"Path 1","mn":"ADBE Vector Shape - Group","hd":false},{"ty":"fl","c":{"a":0,"k":[0.152941176471,0.61568627451,0.913725490196,1],"ix":4},"o":{"a":0,"k":100,"ix":5},"r":1,"bm":0,"nm":"Fill 1","mn":"ADBE Vector Graphic - Fill","hd":false},{"ty":"tr","p":{"a":0,"k":[0,0],"ix":2},"a":{"a":0,"k":[0,0],"ix":1},"s":{"a":0,"k":[100,100],"ix":3},"r":{"a":0,"k":0,"ix":6},"o":{"a":0,"k":100,"ix":7},"sk":{"a":0,"k":0,"ix":4},"sa":{"a":0,"k":0,"ix":5},"nm":"Transform"}],"nm":"Group 1","np":2,"cix":2,"bm":0,"ix":1,"mn":"ADBE Vector Group","hd":false}],"ip":0,"op":270,"st":0,"bm":0},{"ddd":0,"ind":8,"ty":4,"nm":"a3b698d4-91aa-4644-9cd7-168aa6af3802","sr":1,"ks":{"o":{"a":0,"k":100,"ix":11},"r":{"a":0,"k":0,"ix":10},"p":{"a":0,"k":[406,394,0],"ix":2},"a":{"a":0,"k":[0,0,0],"ix":1},"s":{"a":0,"k":[100,100,100],"ix":6}},"ao":0,"shapes":[{"ty":"gr","it":[{"ind":0,"ty":"sh","ix":1,"ks":{"a":1,"k":[{"i":{"x":0.833,"y":0.833},"o":{"x":0.167,"y":0.167},"t":24,"s":[{"i":[[3.421,0.074],[0,0],[0.085,3.421],[0,0],[-3.421,-0.074],[0,0],[-0.085,-3.421],[0,0]],"o":[[0,0],[-3.421,0.074],[0,0],[0.085,-3.421],[0,0],[3.421,-0.074],[0,0],[-0.085,3.421]],"v":[[59.392,132.935],[-2.702,132.935],[-9.045,126.88],[-9.045,120.47],[-2.702,114.415],[59.392,114.415],[65.735,120.47],[65.735,126.88]],"c":true}]},{"i":{"x":0.833,"y":0.833},"o":{"x":0.167,"y":0.167},"t":90,"s":[{"i":[[3.421,0.074],[0,0],[0.085,3.421],[0,0],[-3.421,-0.074],[0,0],[-0.085,-3.421],[0,0]],"o":[[0,0],[-3.421,0.074],[0,0],[0.085,-3.421],[0,0],[3.421,-0.074],[0,0],[-0.085,3.421]],"v":[[59.392,132.935],[-2.702,132.935],[-9.045,126.88],[-9.045,-191.53],[-2.702,-197.585],[59.392,-197.585],[65.735,-191.53],[65.735,126.88]],"c":true}]},{"i":{"x":0.833,"y":0.833},"o":{"x":0.167,"y":0.167},"t":159,"s":[{"i":[[3.421,0.074],[0,0],[0.085,3.421],[0,0],[-3.421,-0.074],[0,0],[-0.085,-3.421],[0,0]],"o":[[0,0],[-3.421,0.074],[0,0],[0.085,-3.421],[0,0],[3.421,-0.074],[0,0],[-0.085,3.421]],"v":[[59.392,132.935],[-2.702,132.935],[-9.045,126.88],[-9.045,120.47],[-2.702,114.415],[59.392,114.415],[65.735,120.47],[65.735,126.88]],"c":true}]},{"t":225,"s":[{"i":[[3.421,0.074],[0,0],[0.085,3.421],[0,0],[-3.421,-0.074],[0,0],[-0.085,-3.421],[0,0]],"o":[[0,0],[-3.421,0.074],[0,0],[0.085,-3.421],[0,0],[3.421,-0.074],[0,0],[-0.085,3.421]],"v":[[59.392,132.935],[-2.702,132.935],[-9.045,126.88],[-9.045,-191.53],[-2.702,-197.585],[59.392,-197.585],[65.735,-191.53],[65.735,126.88]],"c":true}]}],"ix":2},"nm":"Path 1","mn":"ADBE Vector Shape - Group","hd":false},{"ty":"fl","c":{"a":0,"k":[0.152941176471,0.61568627451,0.913725490196,1],"ix":4},"o":{"a":0,"k":100,"ix":5},"r":1,"bm":0,"nm":"Fill 1","mn":"ADBE Vector Graphic - Fill","hd":false},{"ty":"tr","p":{"a":0,"k":[0,0],"ix":2},"a":{"a":0,"k":[0,0],"ix":1},"s":{"a":0,"k":[100,100],"ix":3},"r":{"a":0,"k":0,"ix":6},"o":{"a":0,"k":100,"ix":7},"sk":{"a":0,"k":0,"ix":4},"sa":{"a":0,"k":0,"ix":5},"nm":"Transform"}],"nm":"Group 1","np":2,"cix":2,"bm":0,"ix":1,"mn":"ADBE Vector Group","hd":false}],"ip":0,"op":270,"st":0,"bm":0},{"ddd":0,"ind":9,"ty":4,"nm":"a3b698d4-91aa-4644-9cd7-168aa6af3801","sr":1,"ks":{"o":{"a":0,"k":100,"ix":11},"r":{"a":0,"k":0,"ix":10},"p":{"a":0,"k":[406,394,0],"ix":2},"a":{"a":0,"k":[0,0,0],"ix":1},"s":{"a":0,"k":[100,100,100],"ix":6}},"ao":0,"shapes":[{"ty":"gr","it":[{"ind":0,"ty":"sh","ix":1,"ks":{"a":1,"k":[{"i":{"x":0.833,"y":0.833},"o":{"x":0.167,"y":0.167},"t":24,"s":[{"i":[[3.501,-0.004],[0,0],[0.004,3.501],[0,0],[-3.501,0.004],[0,0],[-0.004,-3.501],[0,0]],"o":[[0,0],[-3.501,-0.004],[0,0],[0.004,-3.501],[0,0],[3.501,0.004],[0,0],[-0.004,3.501]],"v":[[-53.845,132.935],[-115.94,132.935],[-122.282,126.593],[-122.282,-78.005],[-115.94,-84.347],[-53.845,-84.347],[-47.503,-78.005],[-47.503,126.593]],"c":true}]},{"i":{"x":0.833,"y":0.833},"o":{"x":0.167,"y":0.167},"t":90,"s":[{"i":[[3.501,-0.004],[0,0],[0.004,3.501],[0,0],[-3.501,0.004],[0,0],[-0.004,-3.501],[0,0]],"o":[[0,0],[-3.501,-0.004],[0,0],[0.004,-3.501],[0,0],[3.501,0.004],[0,0],[-0.004,3.501]],"v":[[-53.845,132.935],[-115.94,132.935],[-122.282,126.593],[-122.282,124.245],[-115.94,117.903],[-53.845,117.903],[-47.503,124.245],[-47.503,126.593]],"c":true}]},{"i":{"x":0.833,"y":0.833},"o":{"x":0.167,"y":0.167},"t":159,"s":[{"i":[[3.501,-0.004],[0,0],[0.004,3.501],[0,0],[-3.501,0.004],[0,0],[-0.004,-3.501],[0,0]],"o":[[0,0],[-3.501,-0.004],[0,0],[0.004,-3.501],[0,0],[3.501,0.004],[0,0],[-0.004,3.501]],"v":[[-53.845,132.935],[-115.94,132.935],[-122.282,126.593],[-122.282,-78.005],[-115.94,-84.347],[-53.845,-84.347],[-47.503,-78.005],[-47.503,126.593]],"c":true}]},{"t":225,"s":[{"i":[[3.501,-0.004],[0,0],[0.004,3.501],[0,0],[-3.501,0.004],[0,0],[-0.004,-3.501],[0,0]],"o":[[0,0],[-3.501,-0.004],[0,0],[0.004,-3.501],[0,0],[3.501,0.004],[0,0],[-0.004,3.501]],"v":[[-53.845,132.935],[-115.94,132.935],[-122.282,126.593],[-122.282,124.245],[-115.94,117.903],[-53.845,117.903],[-47.503,124.245],[-47.503,126.593]],"c":true}]}],"ix":2},"nm":"Path 1","mn":"ADBE Vector Shape - Group","hd":false},{"ty":"fl","c":{"a":0,"k":[0.152941176471,0.61568627451,0.913725490196,1],"ix":4},"o":{"a":0,"k":100,"ix":5},"r":1,"bm":0,"nm":"Fill 1","mn":"ADBE Vector Graphic - Fill","hd":false},{"ty":"tr","p":{"a":0,"k":[0,0],"ix":2},"a":{"a":0,"k":[0,0],"ix":1},"s":{"a":0,"k":[100,100],"ix":3},"r":{"a":0,"k":0,"ix":6},"o":{"a":0,"k":100,"ix":7},"sk":{"a":0,"k":0,"ix":4},"sa":{"a":0,"k":0,"ix":5},"nm":"Transform"}],"nm":"Group 1","np":2,"cix":2,"bm":0,"ix":1,"mn":"ADBE Vector Group","hd":false}],"ip":0,"op":270,"st":0,"bm":0},{"ddd":0,"ind":10,"ty":4,"nm":"a3b698d4-91aa-4644-9cd7-168aa6af3800","sr":1,"ks":{"o":{"a":0,"k":100,"ix":11},"r":{"a":0,"k":0,"ix":10},"p":{"a":0,"k":[406,394,0],"ix":2},"a":{"a":0,"k":[0,0,0],"ix":1},"s":{"a":0,"k":[100,100,100],"ix":6}},"ao":0,"shapes":[{"ty":"gr","it":[{"ind":0,"ty":"sh","ix":1,"ks":{"a":1,"k":[{"i":{"x":0.833,"y":0.833},"o":{"x":0.167,"y":0.167},"t":24,"s":[{"i":[[3.501,-0.004],[0,0],[0.004,3.501],[0,0],[-3.501,0.004],[0,0],[-0.004,-3.501],[0,0]],"o":[[0,0],[-3.501,-0.004],[0,0],[0.004,-3.501],[0,0],[3.501,0.004],[0,0],[-0.004,3.501]],"v":[[-167.083,132.935],[-229.178,132.935],[-235.52,126.593],[-235.52,128.806],[-229.178,122.464],[-167.083,122.464],[-160.74,128.806],[-160.74,126.593]],"c":true}]},{"i":{"x":0.833,"y":0.833},"o":{"x":0.167,"y":0.167},"t":90,"s":[{"i":[[3.501,-0.004],[0,0],[0.004,3.501],[0,0],[-3.501,0.004],[0,0],[-0.004,-3.501],[0,0]],"o":[[0,0],[-3.501,-0.004],[0,0],[0.004,-3.501],[0,0],[3.501,0.004],[0,0],[-0.004,3.501]],"v":[[-167.083,132.935],[-229.178,132.935],[-235.52,126.593],[-235.52,-159.194],[-229.178,-165.536],[-167.083,-165.536],[-160.74,-159.194],[-160.74,126.593]],"c":true}]},{"i":{"x":0.833,"y":0.833},"o":{"x":0.167,"y":0.167},"t":159,"s":[{"i":[[3.501,-0.004],[0,0],[0.004,3.501],[0,0],[-3.501,0.004],[0,0],[-0.004,-3.501],[0,0]],"o":[[0,0],[-3.501,-0.004],[0,0],[0.004,-3.501],[0,0],[3.501,0.004],[0,0],[-0.004,3.501]],"v":[[-167.083,132.935],[-229.178,132.935],[-235.52,126.593],[-235.52,128.806],[-229.178,122.464],[-167.083,122.464],[-160.74,128.806],[-160.74,126.593]],"c":true}]},{"t":225,"s":[{"i":[[3.501,-0.004],[0,0],[0.004,3.501],[0,0],[-3.501,0.004],[0,0],[-0.004,-3.501],[0,0]],"o":[[0,0],[-3.501,-0.004],[0,0],[0.004,-3.501],[0,0],[3.501,0.004],[0,0],[-0.004,3.501]],"v":[[-167.083,132.935],[-229.178,132.935],[-235.52,126.593],[-235.52,-159.194],[-229.178,-165.536],[-167.083,-165.536],[-160.74,-159.194],[-160.74,126.593]],"c":true}]}],"ix":2},"nm":"Path 1","mn":"ADBE Vector Shape - Group","hd":false},{"ty":"fl","c":{"a":0,"k":[0.152941176471,0.61568627451,0.913725490196,1],"ix":4},"o":{"a":0,"k":100,"ix":5},"r":1,"bm":0,"nm":"Fill 1","mn":"ADBE Vector Graphic - Fill","hd":false},{"ty":"tr","p":{"a":0,"k":[0,0],"ix":2},"a":{"a":0,"k":[0,0],"ix":1},"s":{"a":0,"k":[100,100],"ix":3},"r":{"a":0,"k":0,"ix":6},"o":{"a":0,"k":100,"ix":7},"sk":{"a":0,"k":0,"ix":4},"sa":{"a":0,"k":0,"ix":5},"nm":"Transform"}],"nm":"Group 1","np":2,"cix":2,"bm":0,"ix":1,"mn":"ADBE Vector Group","hd":false}],"ip":0,"op":270,"st":0,"bm":0},{"ddd":0,"ind":11,"ty":4,"nm":"a3b698d4-91aa-4644-9cd7-168aa6af3799","sr":1,"ks":{"o":{"a":0,"k":100,"ix":11},"r":{"a":0,"k":0,"ix":10},"p":{"a":0,"k":[406,394,0],"ix":2},"a":{"a":0,"k":[0,0,0],"ix":1},"s":{"a":0,"k":[100,100,100],"ix":6}},"ao":0,"shapes":[{"ty":"gr","it":[{"ind":0,"ty":"sh","ix":1,"ks":{"a":1,"k":[{"i":{"x":0.833,"y":0.833},"o":{"x":0.167,"y":0.167},"t":24,"s":[{"i":[[3.501,-0.004],[0,0],[0.004,3.501],[0,0],[-3.501,0.004],[0,0],[-0.004,-3.501],[0,0]],"o":[[0,0],[-3.501,-0.004],[0,0],[0.004,-3.501],[0,0],[3.501,0.004],[0,0],[-0.004,3.501]],"v":[[-280.32,132.935],[-342.415,132.935],[-348.758,126.593],[-348.758,-78.005],[-342.415,-84.347],[-280.32,-84.347],[-273.978,-78.005],[-273.978,126.593]],"c":true}]},{"i":{"x":0.833,"y":0.833},"o":{"x":0.167,"y":0.167},"t":90,"s":[{"i":[[3.501,-0.004],[0,0],[0.004,3.501],[0,0],[-3.501,0.004],[0,0],[-0.004,-3.501],[0,0]],"o":[[0,0],[-3.501,-0.004],[0,0],[0.004,-3.501],[0,0],[3.501,0.004],[0,0],[-0.004,3.501]],"v":[[-280.32,132.935],[-342.415,132.935],[-348.758,126.593],[-348.758,125.995],[-342.415,119.653],[-280.32,119.653],[-273.978,125.995],[-273.978,126.593]],"c":true}]},{"i":{"x":0.833,"y":0.833},"o":{"x":0.167,"y":0.167},"t":159,"s":[{"i":[[3.501,-0.004],[0,0],[0.004,3.501],[0,0],[-3.501,0.004],[0,0],[-0.004,-3.501],[0,0]],"o":[[0,0],[-3.501,-0.004],[0,0],[0.004,-3.501],[0,0],[3.501,0.004],[0,0],[-0.004,3.501]],"v":[[-280.32,132.935],[-342.415,132.935],[-348.758,126.593],[-348.758,-78.005],[-342.415,-84.347],[-280.32,-84.347],[-273.978,-78.005],[-273.978,126.593]],"c":true}]},{"t":225,"s":[{"i":[[3.501,-0.004],[0,0],[0.004,3.501],[0,0],[-3.501,0.004],[0,0],[-0.004,-3.501],[0,0]],"o":[[0,0],[-3.501,-0.004],[0,0],[0.004,-3.501],[0,0],[3.501,0.004],[0,0],[-0.004,3.501]],"v":[[-280.32,132.935],[-342.415,132.935],[-348.758,126.593],[-348.758,125.995],[-342.415,119.653],[-280.32,119.653],[-273.978,125.995],[-273.978,126.593]],"c":true}]}],"ix":2},"nm":"Path 1","mn":"ADBE Vector Shape - Group","hd":false},{"ty":"fl","c":{"a":0,"k":[0.152941176471,0.61568627451,0.913725490196,1],"ix":4},"o":{"a":0,"k":100,"ix":5},"r":1,"bm":0,"nm":"Fill 1","mn":"ADBE Vector Graphic - Fill","hd":false},{"ty":"tr","p":{"a":0,"k":[0,0],"ix":2},"a":{"a":0,"k":[0,0],"ix":1},"s":{"a":0,"k":[100,100],"ix":3},"r":{"a":0,"k":0,"ix":6},"o":{"a":0,"k":100,"ix":7},"sk":{"a":0,"k":0,"ix":4},"sa":{"a":0,"k":0,"ix":5},"nm":"Transform"}],"nm":"Group 1","np":2,"cix":2,"bm":0,"ix":1,"mn":"ADBE Vector Group","hd":false}],"ip":0,"op":270,"st":0,"bm":0},{"ddd":0,"ind":12,"ty":4,"nm":"a3b698d4-91aa-4644-9cd7-168aa6af3798","sr":1,"ks":{"o":{"a":0,"k":100,"ix":11},"r":{"a":0,"k":0,"ix":10},"p":{"a":0,"k":[406,394,0],"ix":2},"a":{"a":0,"k":[0,0,0],"ix":1},"s":{"a":0,"k":[100,100,100],"ix":6}},"ao":0,"shapes":[{"ty":"gr","it":[{"ind":0,"ty":"sh","ix":1,"ks":{"a":0,"k":{"i":[[0.552,0],[0,0],[0,0.552],[-0.552,0],[0,0],[0,-0.552]],"o":[[0,0],[-0.552,0],[0,-0.552],[0,0],[0.552,0],[0,0.552]],"v":[[245.393,135.315],[-416.607,135.315],[-417.607,134.315],[-416.607,133.315],[245.393,133.315],[246.393,134.315]],"c":true},"ix":2},"nm":"Path 1","mn":"ADBE Vector Shape - Group","hd":false},{"ty":"fl","c":{"a":0,"k":[0.796078443527,0.796078443527,0.796078443527,1],"ix":4},"o":{"a":0,"k":100,"ix":5},"r":1,"bm":0,"nm":"Fill 1","mn":"ADBE Vector Graphic - Fill","hd":false},{"ty":"tr","p":{"a":0,"k":[0,0],"ix":2},"a":{"a":0,"k":[0,0],"ix":1},"s":{"a":0,"k":[100,100],"ix":3},"r":{"a":0,"k":0,"ix":6},"o":{"a":0,"k":100,"ix":7},"sk":{"a":0,"k":0,"ix":4},"sa":{"a":0,"k":0,"ix":5},"nm":"Transform"}],"nm":"Group 1","np":2,"cix":2,"bm":0,"ix":1,"mn":"ADBE Vector Group","hd":false}],"ip":0,"op":270,"st":0,"bm":0}],"markers":[]}